original_zip_name,original_zip_path,original_zip_sha256,source_project_zip,source_project,source_project_id,nested_zip_entry,extracted_project_zip_path,nested_zip_size_bytes
Overleaf Projects (77 items).zip,raw_overleaf_exports\Overleaf Projects (77 items).zip,24e17548cddf8cfbd09abb1971536be7515f91687380736f1050ff3e9a09c185,26 summer_ Enterprise Systems_USTA.zip,26 summer_ Enterprise Systems_USTA,project_001_26_summer_enterprise_systems_usta,26 summer_ Enterprise Systems_USTA.zip,extracted\project_zips\overleaf_projects_77_items\project_001_26_summer_enterprise_systems_usta.zip,5054
Overleaf Projects (77 items).zip,raw_overleaf_exports\Overleaf Projects (77 items).zip,24e17548cddf8cfbd09abb1971536be7515f91687380736f1050ff3e9a09c185,26 summer_ US Open and Enterprise Systems.zip,26 summer_ US Open and Enterprise Systems,project_002_26_summer_us_open_and_enterprise_systems,26 summer_ US Open and Enterprise Systems.zip,extracted\project_zips\overleaf_projects_77_items\project_002_26_summer_us_open_and_enterprise_systems.zip,5322
Overleaf Projects (77 items).zip,raw_overleaf_exports\Overleaf Projects (77 items).zip,24e17548cddf8cfbd09abb1971536be7515f91687380736f1050ff3e9a09c185,26 summer_AI_Antora.zip,26 summer_AI_Antora,project_003_26_summer_ai_antora,26 summer_AI_Antora.zip,extracted\project_zips\overleaf_projects_77_items\project_003_26_summer_ai_antora.zip,6226
Overleaf Projects (77 items).zip,raw_overleaf_exports\Overleaf Projects (77 items).zip,24e17548cddf8cfbd09abb1971536be7515f91687380736f1050ff3e9a09c185,26 summer_AI_KLA.zip,26 summer_AI_KLA,project_004_26_summer_ai_kla,26 summer_AI_KLA.zip,extracted\project_zips\overleaf_projects_77_items\project_004_26_summer_ai_kla.zip,6247
Overleaf Projects (77 items).zip,raw_overleaf_exports\Overleaf Projects (77 items).zip,24e17548cddf8cfbd09abb1971536be7515f91687380736f1050ff3e9a09c185,26 summer_AI_SAP.zip,26 summer_AI_SAP,project_005_26_summer_ai_sap,26 summer_AI_SAP.zip,extracted\project_zips\overleaf_projects_77_items\project_005_26_summer_ai_sap.zip,6308
Overleaf Projects (77 items).zip,raw_overleaf_exports\Overleaf Projects (77 items).zip,24e17548cddf8cfbd09abb1971536be7515f91687380736f1050ff3e9a09c185,26 summer_AI_Schneider.zip,26 summer_AI_Schneider,project_006_26_summer_ai_schneider,26 summer_AI_Schneider.zip,extracted\project_zips\overleaf_projects_77_items\project_006_26_summer_ai_schneider.zip,6221
Overleaf Projects (77 items).zip,raw_overleaf_exports\Overleaf Projects (77 items).zip,24e17548cddf8cfbd09abb1971536be7515f91687380736f1050ff3e9a09c185,26 summer_Analytics_Tesla.zip,26 summer_Analytics_Tesla,project_007_26_summer_analytics_tesla,26 summer_Analytics_Tesla.zip,extracted\project_zips\overleaf_projects_77_items\project_007_26_summer_analytics_tesla.zip,5938
Overleaf Projects (77 items).zip,raw_overleaf_exports\Overleaf Projects (77 items).zip,24e17548cddf8cfbd09abb1971536be7515f91687380736f1050ff3e9a09c185,26 summer_BA (v1).zip,26 summer_BA (v1),project_008_26_summer_ba_v1,26 summer_BA (v1).zip,extracted\project_zips\overleaf_projects_77_items\project_008_26_summer_ba_v1.zip,4404
Overleaf Projects (77 items).zip,raw_overleaf_exports\Overleaf Projects (77 items).zip,24e17548cddf8cfbd09abb1971536be7515f91687380736f1050ff3e9a09c185,26 summer_BA_Holland America Line.zip,26 summer_BA_Holland America Line,project_009_26_summer_ba_holland_america_line,26 summer_BA_Holland America Line.zip,extracted\project_zips\overleaf_projects_77_items\project_009_26_summer_ba_holland_america_line.zip,6319
Overleaf Projects (77 items).zip,raw_overleaf_exports\Overleaf Projects (77 items).zip,24e17548cddf8cfbd09abb1971536be7515f91687380736f1050ff3e9a09c185,26 summer_DELTA.zip,26 summer_DELTA,project_010_26_summer_delta,26 summer_DELTA.zip,extracted\project_zips\overleaf_projects_77_items\project_010_26_summer_delta.zip,5372
Overleaf Projects (77 items).zip,raw_overleaf_exports\Overleaf Projects (77 items).zip,24e17548cddf8cfbd09abb1971536be7515f91687380736f1050ff3e9a09c185,26 summer_Data_MLB.zip,26 summer_Data_MLB,project_011_26_summer_data_mlb,26 summer_Data_MLB.zip,extracted\project_zips\overleaf_projects_77_items\project_011_26_summer_data_mlb.zip,5048
Overleaf Projects (77 items).zip,raw_overleaf_exports\Overleaf Projects (77 items).zip,24e17548cddf8cfbd09abb1971536be7515f91687380736f1050ff3e9a09c185,26 summer_Data_TROON.zip,26 summer_Data_TROON,project_012_26_summer_data_troon,26 summer_Data_TROON.zip,extracted\project_zips\overleaf_projects_77_items\project_012_26_summer_data_troon.zip,5264
Overleaf Projects (77 items).zip,raw_overleaf_exports\Overleaf Projects (77 items).zip,24e17548cddf8cfbd09abb1971536be7515f91687380736f1050ff3e9a09c185,26 summer_Data_USA Baseball.zip,26 summer_Data_USA Baseball,project_013_26_summer_data_usa_baseball,26 summer_Data_USA Baseball.zip,extracted\project_zips\overleaf_projects_77_items\project_013_26_summer_data_usa_baseball.zip,5267
Overleaf Projects (77 items).zip,raw_overleaf_exports\Overleaf Projects (77 items).zip,24e17548cddf8cfbd09abb1971536be7515f91687380736f1050ff3e9a09c185,26 summer_HF_Garmin.zip,26 summer_HF_Garmin,project_014_26_summer_hf_garmin,26 summer_HF_Garmin.zip,extracted\project_zips\overleaf_projects_77_items\project_014_26_summer_hf_garmin.zip,5955
Overleaf Projects (77 items).zip,raw_overleaf_exports\Overleaf Projects (77 items).zip,24e17548cddf8cfbd09abb1971536be7515f91687380736f1050ff3e9a09c185,26 summer_HF_Gulfstream.zip,26 summer_HF_Gulfstream,project_015_26_summer_hf_gulfstream,26 summer_HF_Gulfstream.zip,extracted\project_zips\overleaf_projects_77_items\project_015_26_summer_hf_gulfstream.zip,5814
Overleaf Projects (77 items).zip,raw_overleaf_exports\Overleaf Projects (77 items).zip,24e17548cddf8cfbd09abb1971536be7515f91687380736f1050ff3e9a09c185,26 summer_HF_Masimo.zip,26 summer_HF_Masimo,project_016_26_summer_hf_masimo,26 summer_HF_Masimo.zip,extracted\project_zips\overleaf_projects_77_items\project_016_26_summer_hf_masimo.zip,5968
Overleaf Projects (77 items).zip,raw_overleaf_exports\Overleaf Projects (77 items).zip,24e17548cddf8cfbd09abb1971536be7515f91687380736f1050ff3e9a09c185,26 summer_HF_Nemera.zip,26 summer_HF_Nemera,project_017_26_summer_hf_nemera,26 summer_HF_Nemera.zip,extracted\project_zips\overleaf_projects_77_items\project_017_26_summer_hf_nemera.zip,6217
Overleaf Projects (77 items).zip,raw_overleaf_exports\Overleaf Projects (77 items).zip,24e17548cddf8cfbd09abb1971536be7515f91687380736f1050ff3e9a09c185,26 summer_IS_Gilead.zip,26 summer_IS_Gilead,project_018_26_summer_is_gilead,26 summer_IS_Gilead.zip,extracted\project_zips\overleaf_projects_77_items\project_018_26_summer_is_gilead.zip,6225
Overleaf Projects (77 items).zip,raw_overleaf_exports\Overleaf Projects (77 items).zip,24e17548cddf8cfbd09abb1971536be7515f91687380736f1050ff3e9a09c185,26 summer_PM_711.zip,26 summer_PM_711,project_019_26_summer_pm_711,26 summer_PM_711.zip,extracted\project_zips\overleaf_projects_77_items\project_019_26_summer_pm_711.zip,5553
Overleaf Projects (77 items).zip,raw_overleaf_exports\Overleaf Projects (77 items).zip,24e17548cddf8cfbd09abb1971536be7515f91687380736f1050ff3e9a09c185,26 summer_PM_KEEN.zip,26 summer_PM_KEEN,project_020_26_summer_pm_keen,26 summer_PM_KEEN.zip,extracted\project_zips\overleaf_projects_77_items\project_020_26_summer_pm_keen.zip,5103
Overleaf Projects (77 items).zip,raw_overleaf_exports\Overleaf Projects (77 items).zip,24e17548cddf8cfbd09abb1971536be7515f91687380736f1050ff3e9a09c185,26 summer_PM_Lucid.zip,26 summer_PM_Lucid,project_021_26_summer_pm_lucid,26 summer_PM_Lucid.zip,extracted\project_zips\overleaf_projects_77_items\project_021_26_summer_pm_lucid.zip,5454
Overleaf Projects (77 items).zip,raw_overleaf_exports\Overleaf Projects (77 items).zip,24e17548cddf8cfbd09abb1971536be7515f91687380736f1050ff3e9a09c185,26 summer_PM_MLB.zip,26 summer_PM_MLB,project_022_26_summer_pm_mlb,26 summer_PM_MLB.zip,extracted\project_zips\overleaf_projects_77_items\project_022_26_summer_pm_mlb.zip,5130
Overleaf Projects (77 items).zip,raw_overleaf_exports\Overleaf Projects (77 items).zip,24e17548cddf8cfbd09abb1971536be7515f91687380736f1050ff3e9a09c185,26 summer_PM_Visa.zip,26 summer_PM_Visa,project_023_26_summer_pm_visa,26 summer_PM_Visa.zip,extracted\project_zips\overleaf_projects_77_items\project_023_26_summer_pm_visa.zip,6058
Overleaf Projects (77 items).zip,raw_overleaf_exports\Overleaf Projects (77 items).zip,24e17548cddf8cfbd09abb1971536be7515f91687380736f1050ff3e9a09c185,26 summer_PM_fieldpulse.zip,26 summer_PM_fieldpulse,project_024_26_summer_pm_fieldpulse,26 summer_PM_fieldpulse.zip,extracted\project_zips\overleaf_projects_77_items\project_024_26_summer_pm_fieldpulse.zip,5493
Overleaf Projects (77 items).zip,raw_overleaf_exports\Overleaf Projects (77 items).zip,24e17548cddf8cfbd09abb1971536be7515f91687380736f1050ff3e9a09c185,26 summer_Product design.zip,26 summer_Product design,project_025_26_summer_product_design,26 summer_Product design.zip,extracted\project_zips\overleaf_projects_77_items\project_025_26_summer_product_design.zip,5386
Overleaf Projects (77 items).zip,raw_overleaf_exports\Overleaf Projects (77 items).zip,24e17548cddf8cfbd09abb1971536be7515f91687380736f1050ff3e9a09c185,26 summer_Product design_Dicks.zip,26 summer_Product design_Dicks,project_026_26_summer_product_design_dicks,26 summer_Product design_Dicks.zip,extracted\project_zips\overleaf_projects_77_items\project_026_26_summer_product_design_dicks.zip,5386
Overleaf Projects (77 items).zip,raw_overleaf_exports\Overleaf Projects (77 items).zip,24e17548cddf8cfbd09abb1971536be7515f91687380736f1050ff3e9a09c185,26 summer_Product_Cloudflare.zip,26 summer_Product_Cloudflare,project_027_26_summer_product_cloudflare,26 summer_Product_Cloudflare.zip,extracted\project_zips\overleaf_projects_77_items\project_027_26_summer_product_cloudflare.zip,5054
Overleaf Projects (77 items).zip,raw_overleaf_exports\Overleaf Projects (77 items).zip,24e17548cddf8cfbd09abb1971536be7515f91687380736f1050ff3e9a09c185,26 summer_UXR (v2）.zip,26 summer_UXR (v2）,project_028_26_summer_uxr_v2,26 summer_UXR (v2）.zip,extracted\project_zips\overleaf_projects_77_items\project_028_26_summer_uxr_v2.zip,4670
Overleaf Projects (77 items).zip,raw_overleaf_exports\Overleaf Projects (77 items).zip,24e17548cddf8cfbd09abb1971536be7515f91687380736f1050ff3e9a09c185,26 summer_UXR_Organon.zip,26 summer_UXR_Organon,project_029_26_summer_uxr_organon,26 summer_UXR_Organon.zip,extracted\project_zips\overleaf_projects_77_items\project_029_26_summer_uxr_organon.zip,4829
Overleaf Projects (77 items).zip,raw_overleaf_exports\Overleaf Projects (77 items).zip,24e17548cddf8cfbd09abb1971536be7515f91687380736f1050ff3e9a09c185,26 summer_UXR_SIE.zip,26 summer_UXR_SIE,project_030_26_summer_uxr_sie,26 summer_UXR_SIE.zip,extracted\project_zips\overleaf_projects_77_items\project_030_26_summer_uxr_sie.zip,4822
Overleaf Projects (77 items).zip,raw_overleaf_exports\Overleaf Projects (77 items).zip,24e17548cddf8cfbd09abb1971536be7515f91687380736f1050ff3e9a09c185,26 summer_UXR_Xometry.zip,26 summer_UXR_Xometry,project_031_26_summer_uxr_xometry,26 summer_UXR_Xometry.zip,extracted\project_zips\overleaf_projects_77_items\project_031_26_summer_uxr_xometry.zip,4809
Overleaf Projects (77 items).zip,raw_overleaf_exports\Overleaf Projects (77 items).zip,24e17548cddf8cfbd09abb1971536be7515f91687380736f1050ff3e9a09c185,26 summer_UXR_adobe.zip,26 summer_UXR_adobe,project_032_26_summer_uxr_adobe,26 summer_UXR_adobe.zip,extracted\project_zips\overleaf_projects_77_items\project_032_26_summer_uxr_adobe.zip,4805
Overleaf Projects (77 items).zip,raw_overleaf_exports\Overleaf Projects (77 items).zip,24e17548cddf8cfbd09abb1971536be7515f91687380736f1050ff3e9a09c185,26 summer_UX_Netflix.zip,26 summer_UX_Netflix,project_033_26_summer_ux_netflix,26 summer_UX_Netflix.zip,extracted\project_zips\overleaf_projects_77_items\project_033_26_summer_ux_netflix.zip,4894
Overleaf Projects (77 items).zip,raw_overleaf_exports\Overleaf Projects (77 items).zip,24e17548cddf8cfbd09abb1971536be7515f91687380736f1050ff3e9a09c185,26 summer_Wearables Intern.zip,26 summer_Wearables Intern,project_034_26_summer_wearables_intern,26 summer_Wearables Intern.zip,extracted\project_zips\overleaf_projects_77_items\project_034_26_summer_wearables_intern.zip,5683
Overleaf Projects (77 items).zip,raw_overleaf_exports\Overleaf Projects (77 items).zip,24e17548cddf8cfbd09abb1971536be7515f91687380736f1050ff3e9a09c185,26 summer_ds_notion.zip,26 summer_ds_notion,project_035_26_summer_ds_notion,26 summer_ds_notion.zip,extracted\project_zips\overleaf_projects_77_items\project_035_26_summer_ds_notion.zip,6116
Overleaf Projects (77 items).zip,raw_overleaf_exports\Overleaf Projects (77 items).zip,24e17548cddf8cfbd09abb1971536be7515f91687380736f1050ff3e9a09c185,26 summer_ergo_antora.zip,26 summer_ergo_antora,project_036_26_summer_ergo_antora,26 summer_ergo_antora.zip,extracted\project_zips\overleaf_projects_77_items\project_036_26_summer_ergo_antora.zip,6495
Overleaf Projects (77 items).zip,raw_overleaf_exports\Overleaf Projects (77 items).zip,24e17548cddf8cfbd09abb1971536be7515f91687380736f1050ff3e9a09c185,26 summer_tech PM (v1).zip,26 summer_tech PM (v1),project_037_26_summer_tech_pm_v1,26 summer_tech PM (v1).zip,extracted\project_zips\overleaf_projects_77_items\project_037_26_summer_tech_pm_v1.zip,5089
Overleaf Projects (77 items).zip,raw_overleaf_exports\Overleaf Projects (77 items).zip,24e17548cddf8cfbd09abb1971536be7515f91687380736f1050ff3e9a09c185,Graduate Student Assistant- AI-Powered Career Success Systems(V2).zip,Graduate Student Assistant- AI-Powered Career Success Systems(V2),project_038_graduate_student_assistant_ai_powered_career_success_systems_v2,Graduate Student Assistant- AI-Powered Career Success Systems(V2).zip,extracted\project_zips\overleaf_projects_77_items\project_038_graduate_student_assistant_ai_powered_career_success_systems_v2.zip,4370
Overleaf Projects (77 items).zip,raw_overleaf_exports\Overleaf Projects (77 items).zip,24e17548cddf8cfbd09abb1971536be7515f91687380736f1050ff3e9a09c185,NEU IS_V2.zip,NEU IS_V2,project_039_neu_is_v2,NEU IS_V2.zip,extracted\project_zips\overleaf_projects_77_items\project_039_neu_is_v2.zip,4305
Overleaf Projects (77 items).zip,raw_overleaf_exports\Overleaf Projects (77 items).zip,24e17548cddf8cfbd09abb1971536be7515f91687380736f1050ff3e9a09c185,UCSD CSS.zip,UCSD CSS,project_040_ucsd_css,UCSD CSS.zip,extracted\project_zips\overleaf_projects_77_items\project_040_ucsd_css.zip,4362
Overleaf Projects (77 items).zip,raw_overleaf_exports\Overleaf Projects (77 items).zip,24e17548cddf8cfbd09abb1971536be7515f91687380736f1050ff3e9a09c185,UIUC MSIM.zip,UIUC MSIM,project_041_uiuc_msim,UIUC MSIM.zip,extracted\project_zips\overleaf_projects_77_items\project_041_uiuc_msim.zip,5924
Overleaf Projects (77 items).zip,raw_overleaf_exports\Overleaf Projects (77 items).zip,24e17548cddf8cfbd09abb1971536be7515f91687380736f1050ff3e9a09c185,UNC MSIS.zip,UNC MSIS,project_042_unc_msis,UNC MSIS.zip,extracted\project_zips\overleaf_projects_77_items\project_042_unc_msis.zip,5518
Overleaf Projects (77 items).zip,raw_overleaf_exports\Overleaf Projects (77 items).zip,24e17548cddf8cfbd09abb1971536be7515f91687380736f1050ff3e9a09c185,UR DS.zip,UR DS,project_043_ur_ds,UR DS.zip,extracted\project_zips\overleaf_projects_77_items\project_043_ur_ds.zip,4390
Overleaf Projects (77 items).zip,raw_overleaf_exports\Overleaf Projects (77 items).zip,24e17548cddf8cfbd09abb1971536be7515f91687380736f1050ff3e9a09c185,UTA MSIS.zip,UTA MSIS,project_044_uta_msis,UTA MSIS.zip,extracted\project_zips\overleaf_projects_77_items\project_044_uta_msis.zip,5339
Overleaf Projects (77 items).zip,raw_overleaf_exports\Overleaf Projects (77 items).zip,24e17548cddf8cfbd09abb1971536be7515f91687380736f1050ff3e9a09c185,Ziyuan_Guo_CSR & Social Impact_SONY.zip,Ziyuan_Guo_CSR & Social Impact_SONY,project_045_ziyuan_guo_csr_social_impact_sony,Ziyuan_Guo_CSR & Social Impact_SONY.zip,extracted\project_zips\overleaf_projects_77_items\project_045_ziyuan_guo_csr_social_impact_sony.zip,4494
Overleaf Projects (77 items).zip,raw_overleaf_exports\Overleaf Projects (77 items).zip,24e17548cddf8cfbd09abb1971536be7515f91687380736f1050ff3e9a09c185,Ziyuan_Guo_Consumer_Sandisk.zip,Ziyuan_Guo_Consumer_Sandisk,project_046_ziyuan_guo_consumer_sandisk,Ziyuan_Guo_Consumer_Sandisk.zip,extracted\project_zips\overleaf_projects_77_items\project_046_ziyuan_guo_consumer_sandisk.zip,4932
Overleaf Projects (77 items).zip,raw_overleaf_exports\Overleaf Projects (77 items).zip,24e17548cddf8cfbd09abb1971536be7515f91687380736f1050ff3e9a09c185,Ziyuan_Guo_Consumer_iff.zip,Ziyuan_Guo_Consumer_iff,project_047_ziyuan_guo_consumer_iff,Ziyuan_Guo_Consumer_iff.zip,extracted\project_zips\overleaf_projects_77_items\project_047_ziyuan_guo_consumer_iff.zip,4729
Overleaf Projects (77 items).zip,raw_overleaf_exports\Overleaf Projects (77 items).zip,24e17548cddf8cfbd09abb1971536be7515f91687380736f1050ff3e9a09c185,Ziyuan_Guo_Consumer_market_iff.zip,Ziyuan_Guo_Consumer_market_iff,project_048_ziyuan_guo_consumer_market_iff,Ziyuan_Guo_Consumer_market_iff.zip,extracted\project_zips\overleaf_projects_77_items\project_048_ziyuan_guo_consumer_market_iff.zip,4716
Overleaf Projects (77 items).zip,raw_overleaf_exports\Overleaf Projects (77 items).zip,24e17548cddf8cfbd09abb1971536be7515f91687380736f1050ff3e9a09c185,Ziyuan_Guo_Digital Ops_Richemont.zip,Ziyuan_Guo_Digital Ops_Richemont,project_049_ziyuan_guo_digital_ops_richemont,Ziyuan_Guo_Digital Ops_Richemont.zip,extracted\project_zips\overleaf_projects_77_items\project_049_ziyuan_guo_digital_ops_richemont.zip,4934
Overleaf Projects (77 items).zip,raw_overleaf_exports\Overleaf Projects (77 items).zip,24e17548cddf8cfbd09abb1971536be7515f91687380736f1050ff3e9a09c185,Ziyuan_Guo_HF_Genentech.zip,Ziyuan_Guo_HF_Genentech,project_050_ziyuan_guo_hf_genentech,Ziyuan_Guo_HF_Genentech.zip,extracted\project_zips\overleaf_projects_77_items\project_050_ziyuan_guo_hf_genentech.zip,4955
Overleaf Projects (77 items).zip,raw_overleaf_exports\Overleaf Projects (77 items).zip,24e17548cddf8cfbd09abb1971536be7515f91687380736f1050ff3e9a09c185,Ziyuan_Guo_HF_Wisk.zip,Ziyuan_Guo_HF_Wisk,project_051_ziyuan_guo_hf_wisk,Ziyuan_Guo_HF_Wisk.zip,extracted\project_zips\overleaf_projects_77_items\project_051_ziyuan_guo_hf_wisk.zip,4947
Overleaf Projects (77 items).zip,raw_overleaf_exports\Overleaf Projects (77 items).zip,24e17548cddf8cfbd09abb1971536be7515f91687380736f1050ff3e9a09c185,Ziyuan_Guo_HF_aperture.zip,Ziyuan_Guo_HF_aperture,project_052_ziyuan_guo_hf_aperture,Ziyuan_Guo_HF_aperture.zip,extracted\project_zips\overleaf_projects_77_items\project_052_ziyuan_guo_hf_aperture.zip,5199
Overleaf Projects (77 items).zip,raw_overleaf_exports\Overleaf Projects (77 items).zip,24e17548cddf8cfbd09abb1971536be7515f91687380736f1050ff3e9a09c185,Ziyuan_Guo_Market Strategy_PORSCHE.zip,Ziyuan_Guo_Market Strategy_PORSCHE,project_053_ziyuan_guo_market_strategy_porsche,Ziyuan_Guo_Market Strategy_PORSCHE.zip,extracted\project_zips\overleaf_projects_77_items\project_053_ziyuan_guo_market_strategy_porsche.zip,4838
Overleaf Projects (77 items).zip,raw_overleaf_exports\Overleaf Projects (77 items).zip,24e17548cddf8cfbd09abb1971536be7515f91687380736f1050ff3e9a09c185,Ziyuan_Guo_PM_Tencent.zip,Ziyuan_Guo_PM_Tencent,project_054_ziyuan_guo_pm_tencent,Ziyuan_Guo_PM_Tencent.zip,extracted\project_zips\overleaf_projects_77_items\project_054_ziyuan_guo_pm_tencent.zip,4788
Overleaf Projects (77 items).zip,raw_overleaf_exports\Overleaf Projects (77 items).zip,24e17548cddf8cfbd09abb1971536be7515f91687380736f1050ff3e9a09c185,Ziyuan_Guo_Product_Bluebeam.zip,Ziyuan_Guo_Product_Bluebeam,project_055_ziyuan_guo_product_bluebeam,Ziyuan_Guo_Product_Bluebeam.zip,extracted\project_zips\overleaf_projects_77_items\project_055_ziyuan_guo_product_bluebeam.zip,5054
Overleaf Projects (77 items).zip,raw_overleaf_exports\Overleaf Projects (77 items).zip,24e17548cddf8cfbd09abb1971536be7515f91687380736f1050ff3e9a09c185,Ziyuan_Guo_Product_TheInclab.zip,Ziyuan_Guo_Product_TheInclab,project_056_ziyuan_guo_product_theinclab,Ziyuan_Guo_Product_TheInclab.zip,extracted\project_zips\overleaf_projects_77_items\project_056_ziyuan_guo_product_theinclab.zip,4996
Overleaf Projects (77 items).zip,raw_overleaf_exports\Overleaf Projects (77 items).zip,24e17548cddf8cfbd09abb1971536be7515f91687380736f1050ff3e9a09c185,Ziyuan_Guo_UXR_Equinix.zip,Ziyuan_Guo_UXR_Equinix,project_057_ziyuan_guo_uxr_equinix,Ziyuan_Guo_UXR_Equinix.zip,extracted\project_zips\overleaf_projects_77_items\project_057_ziyuan_guo_uxr_equinix.zip,4825
Overleaf Projects (77 items).zip,raw_overleaf_exports\Overleaf Projects (77 items).zip,24e17548cddf8cfbd09abb1971536be7515f91687380736f1050ff3e9a09c185,Ziyuan_Guo_UXR_TensorWave.zip,Ziyuan_Guo_UXR_TensorWave,project_058_ziyuan_guo_uxr_tensorwave,Ziyuan_Guo_UXR_TensorWave.zip,extracted\project_zips\overleaf_projects_77_items\project_058_ziyuan_guo_uxr_tensorwave.zip,4932
Overleaf Projects (77 items).zip,raw_overleaf_exports\Overleaf Projects (77 items).zip,24e17548cddf8cfbd09abb1971536be7515f91687380736f1050ff3e9a09c185,Ziyuan_Guo_UX_Fortive.zip,Ziyuan_Guo_UX_Fortive,project_059_ziyuan_guo_ux_fortive,Ziyuan_Guo_UX_Fortive.zip,extracted\project_zips\overleaf_projects_77_items\project_059_ziyuan_guo_ux_fortive.zip,4909
Overleaf Projects (77 items).zip,raw_overleaf_exports\Overleaf Projects (77 items).zip,24e17548cddf8cfbd09abb1971536be7515f91687380736f1050ff3e9a09c185,Ziyuan_Guo_UX_JPMorgan.zip,Ziyuan_Guo_UX_JPMorgan,project_060_ziyuan_guo_ux_jpmorgan,Ziyuan_Guo_UX_JPMorgan.zip,extracted\project_zips\overleaf_projects_77_items\project_060_ziyuan_guo_ux_jpmorgan.zip,4936
Overleaf Projects (77 items).zip,raw_overleaf_exports\Overleaf Projects (77 items).zip,24e17548cddf8cfbd09abb1971536be7515f91687380736f1050ff3e9a09c185,Ziyuan_Guo_market research_Signet.zip,Ziyuan_Guo_market research_Signet,project_061_ziyuan_guo_market_research_signet,Ziyuan_Guo_market research_Signet.zip,extracted\project_zips\overleaf_projects_77_items\project_061_ziyuan_guo_market_research_signet.zip,4972
Overleaf Projects (77 items).zip,raw_overleaf_exports\Overleaf Projects (77 items).zip,24e17548cddf8cfbd09abb1971536be7515f91687380736f1050ff3e9a09c185,Ziyuan_Guo_research_Gensler.zip,Ziyuan_Guo_research_Gensler,project_062_ziyuan_guo_research_gensler,Ziyuan_Guo_research_Gensler.zip,extracted\project_zips\overleaf_projects_77_items\project_062_ziyuan_guo_research_gensler.zip,4937
Overleaf Projects (77 items).zip,raw_overleaf_exports\Overleaf Projects (77 items).zip,24e17548cddf8cfbd09abb1971536be7515f91687380736f1050ff3e9a09c185,Ziyuan_Guo_robot_amazon.zip,Ziyuan_Guo_robot_amazon,project_063_ziyuan_guo_robot_amazon,Ziyuan_Guo_robot_amazon.zip,extracted\project_zips\overleaf_projects_77_items\project_063_ziyuan_guo_robot_amazon.zip,5266
Overleaf Projects (77 items).zip,raw_overleaf_exports\Overleaf Projects (77 items).zip,24e17548cddf8cfbd09abb1971536be7515f91687380736f1050ff3e9a09c185,Ziyuan_Guo_test_Bertec.zip,Ziyuan_Guo_test_Bertec,project_064_ziyuan_guo_test_bertec,Ziyuan_Guo_test_Bertec.zip,extracted\project_zips\overleaf_projects_77_items\project_064_ziyuan_guo_test_bertec.zip,5180
Overleaf Projects (77 items).zip,raw_overleaf_exports\Overleaf Projects (77 items).zip,24e17548cddf8cfbd09abb1971536be7515f91687380736f1050ff3e9a09c185,ziyuan_guo_Analyst_Roku.zip,ziyuan_guo_Analyst_Roku,project_065_ziyuan_guo_analyst_roku,ziyuan_guo_Analyst_Roku.zip,extracted\project_zips\overleaf_projects_77_items\project_065_ziyuan_guo_analyst_roku.zip,5296
Overleaf Projects (77 items).zip,raw_overleaf_exports\Overleaf Projects (77 items).zip,24e17548cddf8cfbd09abb1971536be7515f91687380736f1050ff3e9a09c185,ziyuan_guo_Analyst_Tesla.zip,ziyuan_guo_Analyst_Tesla,project_066_ziyuan_guo_analyst_tesla,ziyuan_guo_Analyst_Tesla.zip,extracted\project_zips\overleaf_projects_77_items\project_066_ziyuan_guo_analyst_tesla.zip,5278
Overleaf Projects (77 items).zip,raw_overleaf_exports\Overleaf Projects (77 items).zip,24e17548cddf8cfbd09abb1971536be7515f91687380736f1050ff3e9a09c185,ziyuan_guo_Data Analyst_ALO.zip,ziyuan_guo_Data Analyst_ALO,project_067_ziyuan_guo_data_analyst_alo,ziyuan_guo_Data Analyst_ALO.zip,extracted\project_zips\overleaf_projects_77_items\project_067_ziyuan_guo_data_analyst_alo.zip,5285
Overleaf Projects (77 items).zip,raw_overleaf_exports\Overleaf Projects (77 items).zip,24e17548cddf8cfbd09abb1971536be7515f91687380736f1050ff3e9a09c185,ziyuan_guo_Data_cocacola.zip,ziyuan_guo_Data_cocacola,project_068_ziyuan_guo_data_cocacola,ziyuan_guo_Data_cocacola.zip,extracted\project_zips\overleaf_projects_77_items\project_068_ziyuan_guo_data_cocacola.zip,5266
Overleaf Projects (77 items).zip,raw_overleaf_exports\Overleaf Projects (77 items).zip,24e17548cddf8cfbd09abb1971536be7515f91687380736f1050ff3e9a09c185,ziyuan_guo_PLM_Hyundai.zip,ziyuan_guo_PLM_Hyundai,project_069_ziyuan_guo_plm_hyundai,ziyuan_guo_PLM_Hyundai.zip,extracted\project_zips\overleaf_projects_77_items\project_069_ziyuan_guo_plm_hyundai.zip,5716
Overleaf Projects (77 items).zip,raw_overleaf_exports\Overleaf Projects (77 items).zip,24e17548cddf8cfbd09abb1971536be7515f91687380736f1050ff3e9a09c185,ziyuan_guo_PM _AMETEK.zip,ziyuan_guo_PM _AMETEK,project_070_ziyuan_guo_pm_ametek,ziyuan_guo_PM _AMETEK.zip,extracted\project_zips\overleaf_projects_77_items\project_070_ziyuan_guo_pm_ametek.zip,5110
Overleaf Projects (77 items).zip,raw_overleaf_exports\Overleaf Projects (77 items).zip,24e17548cddf8cfbd09abb1971536be7515f91687380736f1050ff3e9a09c185,ziyuan_guo_PM_waabi.zip,ziyuan_guo_PM_waabi,project_071_ziyuan_guo_pm_waabi,ziyuan_guo_PM_waabi.zip,extracted\project_zips\overleaf_projects_77_items\project_071_ziyuan_guo_pm_waabi.zip,5099
Overleaf Projects (77 items).zip,raw_overleaf_exports\Overleaf Projects (77 items).zip,24e17548cddf8cfbd09abb1971536be7515f91687380736f1050ff3e9a09c185,ziyuan_guo_Product ops_zscaler.zip,ziyuan_guo_Product ops_zscaler,project_072_ziyuan_guo_product_ops_zscaler,ziyuan_guo_Product ops_zscaler.zip,extracted\project_zips\overleaf_projects_77_items\project_072_ziyuan_guo_product_ops_zscaler.zip,5004
Overleaf Projects (77 items).zip,raw_overleaf_exports\Overleaf Projects (77 items).zip,24e17548cddf8cfbd09abb1971536be7515f91687380736f1050ff3e9a09c185,ziyuan_guo_QA_volvo.zip,ziyuan_guo_QA_volvo,project_073_ziyuan_guo_qa_volvo,ziyuan_guo_QA_volvo.zip,extracted\project_zips\overleaf_projects_77_items\project_073_ziyuan_guo_qa_volvo.zip,4439
Overleaf Projects (77 items).zip,raw_overleaf_exports\Overleaf Projects (77 items).zip,24e17548cddf8cfbd09abb1971536be7515f91687380736f1050ff3e9a09c185,ziyuan_guo_data_RTI.zip,ziyuan_guo_data_RTI,project_074_ziyuan_guo_data_rti,ziyuan_guo_data_RTI.zip,extracted\project_zips\overleaf_projects_77_items\project_074_ziyuan_guo_data_rti.zip,5241
Overleaf Projects (77 items).zip,raw_overleaf_exports\Overleaf Projects (77 items).zip,24e17548cddf8cfbd09abb1971536be7515f91687380736f1050ff3e9a09c185,ziyuan_guo_ops_TI.zip,ziyuan_guo_ops_TI,project_075_ziyuan_guo_ops_ti,ziyuan_guo_ops_TI.zip,extracted\project_zips\overleaf_projects_77_items\project_075_ziyuan_guo_ops_ti.zip,5098
Overleaf Projects (77 items).zip,raw_overleaf_exports\Overleaf Projects (77 items).zip,24e17548cddf8cfbd09abb1971536be7515f91687380736f1050ff3e9a09c185,ziyuan_guo_ops_sono bello.zip,ziyuan_guo_ops_sono bello,project_076_ziyuan_guo_ops_sono_bello,ziyuan_guo_ops_sono bello.zip,extracted\project_zips\overleaf_projects_77_items\project_076_ziyuan_guo_ops_sono_bello.zip,4370
Overleaf Projects (77 items).zip,raw_overleaf_exports\Overleaf Projects (77 items).zip,24e17548cddf8cfbd09abb1971536be7515f91687380736f1050ff3e9a09c185,ziyuan_guo_product_Razer.zip,ziyuan_guo_product_Razer,project_077_ziyuan_guo_product_razer,ziyuan_guo_product_Razer.zip,extracted\project_zips\overleaf_projects_77_items\project_077_ziyuan_guo_product_razer.zip,5160
